{"tfjsVersion":"1.7.4","tmVersion":"0.8.6","packageVersion":"0.8.6","packageName":"@teachablemachine/pose","timeStamp":"2025-04-18T10:19:51.006Z","userMetadata":{},"modelName":"my-pose-model","labels":["Hello","I or me","Father","Mother","Yes","No","Help","Please","Thank You","Want","What","Cat","Again or Repeat","Eat","Finish ","Fine","Monday","Tuesday","Wednesday","Thursday","Friday","Go to","More","Learn","Like"],"modelSettings":{"posenet":{"architecture":"MobileNetV1","outputStride":16,"inputResolution":257,"multiplier":0.75}}}